Workbook

Sheet Trade Log
A1: 📈 TRADING STRATEGY REFINEMENT — TRADE LOG
A2: Every trade logged here feeds your AI knowledge base. Consistency = compounding edge.
A3: Date | B3: Ticker | C3: Direction | D3: Setup Name | E3: Entry $ | F3: Stop $ | G3: Target $ | H3: Exit $ | I3: Shares/Qty | J3: Risk $ | K3: P&L $ | L3: R-Multiple | M3: Win/Loss | N3: Market Condition | O3: Timeframe | P3: Chart File | Q3: Entry Reason | R3: Exit Reason | S3: Notes / Lesson
A4: 2024-03-15 | B4: NVDA | C4: Long | D4: Bull Flag Breakout | E4: 874.5 | F4: 855 | G4: 910 | H4: 905 | I4: 10 | J4: =I4*(E4-F4) -> 195 | K4: =(H4-E4)*I4 -> 305 | L4: =(H4-E4)/(E4-F4) -> 1.5641026 | M4: =IF(K4>0,"WIN","LOSS") -> WIN | N4: Trending | O4: Daily | P4: 2024-03-15-NVDA-bull-flag-WIN.png | Q4: Clean flag after earnings gap, volume confirmation on breakout | R4: Hit 90% of target, trailing stop triggered | S4: Perfect setup. Held conviction through pullback.
A5: 2024-03-18 | B5: AMD | C5: Long | D5: Earnings Gap Fill | E5: 178.2 | F5: 172 | G5: 188 | H5: 171.5 | I5: 15 | J5: =I5*(E5-F5) -> 93 | K5: =(H5-E5)*I5 -> -100.5 | L5: =(H5-E5)/(E5-F5) -> -1.0806452 | M5: =IF(K5>0,"WIN","LOSS") -> LOSS | N5: Choppy | O5: Daily | P5: 2024-03-18-AMD-gap-fill-LOSS.png | Q5: Gap fill setup, sector momentum | R5: Stopped out — market reversed hard | S5: Lesson: Don't trade gap fills in choppy market conditions.
A6: 2024-03-21 | B6: MSFT | C6: Long | D6: HTF Support Bounce | E6: 415 | F6: 408 | G6: 432 | H6: 430.5 | I6: 12 | J6: =I6*(E6-F6) -> 84 | K6: =(H6-E6)*I6 -> 186 | L6: =(H6-E6)/(E6-F6) -> 2.2142857 | M6: =IF(K6>0,"WIN","LOSS") -> WIN | N6: Trending | O6: Weekly | P6: 2024-03-21-MSFT-support-bounce-WIN.png | Q6: Weekly support level, daily RSI oversold, clean candle | R6: Scaled out at 2R, let runner ride to target | S6: Best trade of the month. Patience paid off.
J7: =IF(E7="","",I7*(E7-F7)) | K7: =IF(H7="","",( H7-E7)*I7) | L7: =IF(OR(E7="",F7="",H7=""),"",( H7-E7)/(E7-F7)) | M7: =IF(K7="","",IF(K7>0,"WIN","LOSS"))
J8: =IF(E8="","",I8*(E8-F8)) | K8: =IF(H8="","",( H8-E8)*I8) | L8: =IF(OR(E8="",F8="",H8=""),"",( H8-E8)/(E8-F8)) | M8: =IF(K8="","",IF(K8>0,"WIN","LOSS"))
J9: =IF(E9="","",I9*(E9-F9)) | K9: =IF(H9="","",( H9-E9)*I9) | L9: =IF(OR(E9="",F9="",H9=""),"",( H9-E9)/(E9-F9)) | M9: =IF(K9="","",IF(K9>0,"WIN","LOSS"))
J10: =IF(E10="","",I10*(E10-F10)) | K10: =IF(H10="","",( H10-E10)*I10) | L10: =IF(OR(E10="",F10="",H10=""),"",( H10-E10)/(E10-F10)) | M10: =IF(K10="","",IF(K10>0,"WIN","LOSS"))
J11: =IF(E11="","",I11*(E11-F11)) | K11: =IF(H11="","",( H11-E11)*I11) | L11: =IF(OR(E11="",F11="",H11=""),"",( H11-E11)/(E11-F11)) | M11: =IF(K11="","",IF(K11>0,"WIN","LOSS"))
J12: =IF(E12="","",I12*(E12-F12)) | K12: =IF(H12="","",( H12-E12)*I12) | L12: =IF(OR(E12="",F12="",H12=""),"",( H12-E12)/(E12-F12)) | M12: =IF(K12="","",IF(K12>0,"WIN","LOSS"))
J13: =IF(E13="","",I13*(E13-F13)) | K13: =IF(H13="","",( H13-E13)*I13) | L13: =IF(OR(E13="",F13="",H13=""),"",( H13-E13)/(E13-F13)) | M13: =IF(K13="","",IF(K13>0,"WIN","LOSS"))
J14: =IF(E14="","",I14*(E14-F14)) | K14: =IF(H14="","",( H14-E14)*I14) | L14: =IF(OR(E14="",F14="",H14=""),"",( H14-E14)/(E14-F14)) | M14: =IF(K14="","",IF(K14>0,"WIN","LOSS"))
J15: =IF(E15="","",I15*(E15-F15)) | K15: =IF(H15="","",( H15-E15)*I15) | L15: =IF(OR(E15="",F15="",H15=""),"",( H15-E15)/(E15-F15)) | M15: =IF(K15="","",IF(K15>0,"WIN","LOSS"))
J16: =IF(E16="","",I16*(E16-F16)) | K16: =IF(H16="","",( H16-E16)*I16) | L16: =IF(OR(E16="",F16="",H16=""),"",( H16-E16)/(E16-F16)) | M16: =IF(K16="","",IF(K16>0,"WIN","LOSS"))
J17: =IF(E17="","",I17*(E17-F17)) | K17: =IF(H17="","",( H17-E17)*I17) | L17: =IF(OR(E17="",F17="",H17=""),"",( H17-E17)/(E17-F17)) | M17: =IF(K17="","",IF(K17>0,"WIN","LOSS"))
J18: =IF(E18="","",I18*(E18-F18)) | K18: =IF(H18="","",( H18-E18)*I18) | L18: =IF(OR(E18="",F18="",H18=""),"",( H18-E18)/(E18-F18)) | M18: =IF(K18="","",IF(K18>0,"WIN","LOSS"))
... J106: =IF(E106="","",I106*(E106-F106)) | K106: =IF(H106="","",( H106-E106)*I106) | L106: =IF(OR(E106="",F106="",H106=""),"",( H106-E106)/(E106-F106)) | M106: =IF(K106="","",IF(K106>0,"WIN","LOSS"))

Sheet Stats Dashboard
A1: 📊 STRATEGY PERFORMANCE DASHBOARD
A2: Auto-calculated from Trade Log. Add trades there — this updates automatically.
A3: Metric | B3: Value | D3: Metric | E3: Value | G3: Metric | H3: Value
A4: Total Trades | B4: =COUNTA('Trade Log'!A4:A106) -> 3 | D4: Avg R-Multiple | E4: =IFERROR(AVERAGEIF('Trade Log'!M4:M106,"WIN",'Trade Log'!L4:L106),"") -> 1.8891941 | G4: Bull Flag Wins | H4: =COUNTIFS('Trade Log'!D4:D106,"Bull Flag Breakout",'Trade Log'!M4:M106,"WIN") -> 1
A5: Wins | B5: =COUNTIF('Trade Log'!M4:M106,"WIN") -> 2 | D5: Avg Loss R | E5: =IFERROR(AVERAGEIF('Trade Log'!M4:M106,"LOSS",'Trade Log'!L4:L106),"") -> -1.0806452 | G5: Bull Flag Losses | H5: =COUNTIFS('Trade Log'!D4:D106,"Bull Flag Breakout",'Trade Log'!M4:M106,"LOSS") -> 0
A6: Losses | B6: =COUNTIF('Trade Log'!M4:M106,"LOSS") -> 1 | D6: Best Trade $ | E6: =IFERROR(MAX('Trade Log'!K4:K106),"") -> 305 | G6: Gap Fill Wins | H6: =COUNTIFS('Trade Log'!D4:D106,"Earnings Gap Fill",'Trade Log'!M4:M106,"WIN") -> 0
A7: Win Rate | B7: =IF(B4=0,"",B5/B4) -> 0.66666667 | D7: Worst Trade $ | E7: =IFERROR(MIN('Trade Log'!K4:K106),"") -> -100.5 | G7: Gap Fill Losses | H7: =COUNTIFS('Trade Log'!D4:D106,"Earnings Gap Fill",'Trade Log'!M4:M106,"LOSS") -> 1
A8: Total P&L | B8: =IFERROR(SUM('Trade Log'!K4:K106),0) -> 390.5 | D8: Largest Win R | E8: =IFERROR(MAX('Trade Log'!L4:L106),"") -> 2.2142857 | G8: Support Bnc Wins | H8: =COUNTIFS('Trade Log'!D4:D106,"HTF Support Bounce",'Trade Log'!M4:M106,"WIN") -> 1
A9: Avg P&L per Trade | B9: =IF(B4=0,"",B8/B4) -> 130.16667 | D9: Largest Loss R | E9: =IFERROR(MIN('Trade Log'!L4:L106),"") -> -1.0806452 | G9: Support Bnc Loss | H9: =COUNTIFS('Trade Log'!D4:D106,"HTF Support Bounce",'Trade Log'!M4:M106,"LOSS") -> 0
A10: Avg Win $ | B10: =IFERROR(AVERAGEIF('Trade Log'!M4:M106,"WIN",'Trade Log'!K4:K106),0) -> 245.5 | D10: Long Trades | E10: =COUNTIF('Trade Log'!C4:C106,"Long") -> 3 | G10: Choppy Mkt Wins | H10: =COUNTIFS('Trade Log'!N4:N106,"Choppy",'Trade Log'!M4:M106,"WIN") -> 0
A11: Avg Loss $ | B11: =IFERROR(AVERAGEIF('Trade Log'!M4:M106,"LOSS",'Trade Log'!K4:K106),0) -> -100.5 | D11: Short Trades | E11: =COUNTIF('Trade Log'!C4:C106,"Short") -> 0 | G11: Choppy Mkt Loss | H11: =COUNTIFS('Trade Log'!N4:N106,"Choppy",'Trade Log'!M4:M106,"LOSS") -> 1
A12: Expectancy | B12: =IFERROR((B5/B4*B10)+(B6/B4*B11),"") -> 130.16667 | D12: Trending Wins | E12: =COUNTIFS('Trade Log'!N4:N106,"Trending",'Trade Log'!M4:M106,"WIN") -> 2 | G12: Sample Valid? | H12: =IF(B4>=20,"✅ YES (20+ trades)","⚠️ Need "&(20-B4)&" more trades") -> ⚠️ Need 17 more trades
